{
  "zero_shot_clip": {
    "setting_params": {
      "model_type": "zero_shot",
      "description": "Zero-Shot CLIP evaluation without any training"
    },
    "avg_metrics": {
      "crop": {
        "overall_mAP": {
          "values": [
            95.37895187172906
          ],
          "mean": 95.37895187172906,
          "std": 0.0
        },
        "overall_f1": {
          "values": [
            49.481648528417104
          ],
          "mean": 49.481648528417104,
          "std": 0.0
        },
        "overall_acc": {
          "values": [
            33.33333333333333
          ],
          "mean": 33.33333333333333,
          "std": 0.0
        },
        "head_mAP": {
          "values": [
            99.98065986490526
          ],
          "mean": 99.98065986490526,
          "std": 0.0
        },
        "medium_mAP": {
          "values": [
            99.63646525988683
          ],
          "mean": 99.63646525988683,
          "std": 0.0
        },
        "tail_mAP": {
          "values": [
            86.51973049039509
          ],
          "mean": 86.51973049039509,
          "std": 0.0
        },
        "head_f1": {
          "values": [
            61.42034548944337
          ],
          "mean": 61.42034548944337,
          "std": 0.0
        },
        "medium_f1": {
          "values": [
            46.05543710021322
          ],
          "mean": 46.05543710021322,
          "std": 0.0
        },
        "tail_f1": {
          "values": [
            40.969162995594715
          ],
          "mean": 40.969162995594715,
          "std": 0.0
        }
      },
      "part": {
        "overall_mAP": {
          "values": [
            48.55949651088188
          ],
          "mean": 48.55949651088188,
          "std": 0.0
        },
        "overall_f1": {
          "values": [
            26.444327312550904
          ],
          "mean": 26.444327312550904,
          "std": 0.0
        },
        "overall_acc": {
          "values": [
            12.5
          ],
          "mean": 12.5,
          "std": 0.0
        },
        "head_mAP": {
          "values": [
            73.40431631593137
          ],
          "mean": 73.40431631593137,
          "std": 0.0
        },
        "medium_mAP": {
          "values": [
            26.057482085509694
          ],
          "mean": 26.057482085509694,
          "std": 0.0
        },
        "tail_mAP": {
          "values": [
            34.9656839185185
          ],
          "mean": 34.9656839185185,
          "std": 0.0
        },
        "head_f1": {
          "values": [
            54.4343540187061
          ],
          "mean": 54.4343540187061,
          "std": 0.0
        },
        "medium_f1": {
          "values": [
            10.0
          ],
          "mean": 10.0,
          "std": 0.0
        },
        "tail_f1": {
          "values": [
            6.676464262671159
          ],
          "mean": 6.676464262671159,
          "std": 0.0
        }
      },
      "symptomCategories": {
        "overall_mAP": {
          "values": [
            25.96438985990449
          ],
          "mean": 25.96438985990449,
          "std": 0.0
        },
        "overall_f1": {
          "values": [
            28.44185931914019
          ],
          "mean": 28.44185931914019,
          "std": 0.0
        },
        "overall_acc": {
          "values": [
            17.06371191135734
          ],
          "mean": 17.06371191135734,
          "std": 0.0
        },
        "head_mAP": {
          "values": [
            59.91425731544668
          ],
          "mean": 59.91425731544668,
          "std": 0.0
        },
        "medium_mAP": {
          "values": [
            16.86387318353517
          ],
          "mean": 16.86387318353517,
          "std": 0.0
        },
        "tail_mAP": {
          "values": [
            7.533462127103081
          ],
          "mean": 7.533462127103081,
          "std": 0.0
        },
        "head_f1": {
          "values": [
            60.37308658445147
          ],
          "mean": 60.37308658445147,
          "std": 0.0
        },
        "medium_f1": {
          "values": [
            24.092470015345707
          ],
          "mean": 24.092470015345707,
          "std": 0.0
        },
        "tail_f1": {
          "values": [
            7.832364640447071
          ],
          "mean": 7.832364640447071,
          "std": 0.0
        }
      },
      "symptomTags": {
        "overall_mAP": {
          "values": [
            13.556697041547979
          ],
          "mean": 13.556697041547979,
          "std": 0.0
        },
        "overall_f1": {
          "values": [
            13.467623101429597
          ],
          "mean": 13.467623101429597,
          "std": 0.0
        },
        "overall_acc": {
          "values": [
            5.017707493250114
          ],
          "mean": 5.017707493250114,
          "std": 0.0
        },
        "head_mAP": {
          "values": [
            24.215717396542225
          ],
          "mean": 24.215717396542225,
          "std": 0.0
        },
        "medium_mAP": {
          "values": [
            13.326180299084953
          ],
          "mean": 13.326180299084953,
          "std": 0.0
        },
        "tail_mAP": {
          "values": [
            4.750986424481467
          ],
          "mean": 4.750986424481467,
          "std": 0.0
        },
        "head_f1": {
          "values": [
            29.39517919014137
          ],
          "mean": 29.39517919014137,
          "std": 0.0
        },
        "medium_f1": {
          "values": [
            8.671723098255676
          ],
          "mean": 8.671723098255676,
          "std": 0.0
        },
        "tail_f1": {
          "values": [
            3.6162752432157665
          ],
          "mean": 3.6162752432157665,
          "std": 0.0
        }
      }
    },
    "detailed_results": [
      {
        "repetition": 1,
        "results": {
          "crop": {
            "overall_mAP": 95.37895187172906,
            "overall_acc": 33.33333333333333,
            "overall_f1": 49.481648528417104,
            "report": {
              "0": {
                "precision": 0.0,
                "recall": 0.0,
                "f1-score": 0.0,
                "support": 722.0
              },
              "1": {
                "precision": 0.3333333333333333,
                "recall": 1.0,
                "f1-score": 0.5,
                "support": 361.0
              },
              "accuracy": 0.3333333333333333,
              "macro avg": {
                "precision": 0.16666666666666666,
                "recall": 0.5,
                "f1-score": 0.25,
                "support": 1083.0
              },
              "weighted avg": {
                "precision": 0.1111111111111111,
                "recall": 0.3333333333333333,
                "f1-score": 0.16666666666666666,
                "support": 1083.0
              }
            },
            "type_metrics": {
              "tail": {
                "mAP": 86.51973049039509,
                "acc": 25.761772853185594,
                "f1": 40.969162995594715
              },
              "medium": {
                "mAP": 99.63646525988683,
                "acc": 29.916897506925206,
                "f1": 46.05543710021322
              },
              "head": {
                "mAP": 99.98065986490526,
                "acc": 44.32132963988919,
                "f1": 61.42034548944337
              }
            }
          },
          "part": {
            "overall_mAP": 48.55949651088188,
            "overall_acc": 12.5,
            "overall_f1": 26.444327312550904,
            "report": {
              "0": {
                "precision": 0.0,
                "recall": 0.0,
                "f1-score": 0.0,
                "support": 2527.0
              },
              "1": {
                "precision": 0.125,
                "recall": 1.0,